{
  "contactos pagina" : {
    "transaction" : "contactos pagina",
    "sampleCount" : 76,
    "errorCount" : 0,
    "errorPct" : 0.0,
    "meanResTime" : 225.05263157894746,
    "medianResTime" : 155.0,
    "minResTime" : 21.0,
    "maxResTime" : 551.0,
    "pct1ResTime" : 452.49999999999994,
    "pct2ResTime" : 472.04999999999995,
    "pct3ResTime" : 551.0,
    "throughput" : 30.303030303030305,
    "receivedKBytesPerSec" : 49.06486742424242,
    "sentKBytesPerSec" : 8.522727272727273
  },
  "Total" : {
    "transaction" : "Total",
    "sampleCount" : 1431,
    "errorCount" : 0,
    "errorPct" : 0.0,
    "meanResTime" : 4695.337526205442,
    "medianResTime" : 5608.0,
    "minResTime" : 21.0,
    "maxResTime" : 9888.0,
    "pct1ResTime" : 7757.799999999999,
    "pct2ResTime" : 9621.599999999999,
    "pct3ResTime" : 9798.0,
    "throughput" : 113.0153214342126,
    "receivedKBytesPerSec" : 11517.293146447046,
    "sentKBytesPerSec" : 26.610672558640022
  },
  "api contactos" : {
    "transaction" : "api contactos",
    "sampleCount" : 1143,
    "errorCount" : 0,
    "errorPct" : 0.0,
    "meanResTime" : 5816.804899387577,
    "medianResTime" : 5872.0,
    "minResTime" : 373.0,
    "maxResTime" : 9888.0,
    "pct1ResTime" : 7966.000000000001,
    "pct2ResTime" : 9674.8,
    "pct3ResTime" : 9808.24,
    "throughput" : 90.27009951034591,
    "receivedKBytesPerSec" : 11351.729476608158,
    "sentKBytesPerSec" : 16.132254111712207
  },
  "contactos" : {
    "transaction" : "contactos",
    "sampleCount" : 96,
    "errorCount" : 0,
    "errorPct" : 0.0,
    "meanResTime" : 278.15625,
    "medianResTime" : 305.5,
    "minResTime" : 40.0,
    "maxResTime" : 597.0,
    "pct1ResTime" : 399.69999999999993,
    "pct2ResTime" : 478.0,
    "pct3ResTime" : 597.0,
    "throughput" : 31.007751937984494,
    "receivedKBytesPerSec" : 610.2228682170543,
    "sentKBytesPerSec" : 5.420300387596899
  },
  "contactos get one" : {
    "transaction" : "contactos get one",
    "sampleCount" : 62,
    "errorCount" : 0,
    "errorPct" : 0.0,
    "meanResTime" : 198.19354838709677,
    "medianResTime" : 116.5,
    "minResTime" : 24.0,
    "maxResTime" : 556.0,
    "pct1ResTime" : 476.4,
    "pct2ResTime" : 516.3999999999997,
    "pct3ResTime" : 556.0,
    "throughput" : 28.797027403622852,
    "receivedKBytesPerSec" : 35.32135392475615,
    "sentKBytesPerSec" : 5.202587958662331
  },
  "contactos update" : {
    "transaction" : "contactos update",
    "sampleCount" : 54,
    "errorCount" : 0,
    "errorPct" : 0.0,
    "meanResTime" : 265.2777777777779,
    "medianResTime" : 260.5,
    "minResTime" : 111.0,
    "maxResTime" : 425.0,
    "pct1ResTime" : 347.5,
    "pct2ResTime" : 394.5,
    "pct3ResTime" : 425.0,
    "throughput" : 36.885245901639344,
    "receivedKBytesPerSec" : 5.47515368852459,
    "sentKBytesPerSec" : 56.91278176229508
  }
}