{
  "contactos pagina" : {
    "transaction" : "contactos pagina",
    "sampleCount" : 237,
    "errorCount" : 0,
    "errorPct" : 0.0,
    "meanResTime" : 197.2869198312236,
    "medianResTime" : 191.0,
    "minResTime" : 19.0,
    "maxResTime" : 1012.0,
    "pct1ResTime" : 326.20000000000005,
    "pct2ResTime" : 799.1999999999998,
    "pct3ResTime" : 1004.0600000000001,
    "throughput" : 61.542456504803944,
    "receivedKBytesPerSec" : 99.64589148922357,
    "sentKBytesPerSec" : 17.30881589197611
  },
  "Total" : {
    "transaction" : "Total",
    "sampleCount" : 1904,
    "errorCount" : 0,
    "errorPct" : 0.0,
    "meanResTime" : 2080.980042016808,
    "medianResTime" : 908.0,
    "minResTime" : 14.0,
    "maxResTime" : 5779.0,
    "pct1ResTime" : 4200.5,
    "pct2ResTime" : 5294.75,
    "pct3ResTime" : 5727.75,
    "throughput" : 210.8060230292294,
    "receivedKBytesPerSec" : 16214.481539595328,
    "sentKBytesPerSec" : 59.322171342172275
  },
  "api contactos" : {
    "transaction" : "api contactos",
    "sampleCount" : 1120,
    "errorCount" : 0,
    "errorPct" : 0.0,
    "meanResTime" : 3373.493750000002,
    "medianResTime" : 4109.0,
    "minResTime" : 27.0,
    "maxResTime" : 5779.0,
    "pct1ResTime" : 5029.9,
    "pct2ResTime" : 5371.95,
    "pct3ResTime" : 5749.37,
    "throughput" : 124.00354295837023,
    "receivedKBytesPerSec" : 15593.808818644819,
    "sentKBytesPerSec" : 22.16078941541187
  },
  "contactos" : {
    "transaction" : "contactos",
    "sampleCount" : 254,
    "errorCount" : 0,
    "errorPct" : 0.0,
    "meanResTime" : 246.42913385826773,
    "medianResTime" : 223.0,
    "minResTime" : 17.0,
    "maxResTime" : 937.0,
    "pct1ResTime" : 781.0,
    "pct2ResTime" : 825.25,
    "pct3ResTime" : 928.25,
    "throughput" : 60.7074569789675,
    "receivedKBytesPerSec" : 1194.7037822657744,
    "sentKBytesPerSec" : 10.611948046128107
  },
  "contactos get one" : {
    "transaction" : "contactos get one",
    "sampleCount" : 167,
    "errorCount" : 0,
    "errorPct" : 0.0,
    "meanResTime" : 250.82634730538922,
    "medianResTime" : 214.0,
    "minResTime" : 14.0,
    "maxResTime" : 1020.0,
    "pct1ResTime" : 802.8000000000003,
    "pct2ResTime" : 990.2,
    "pct3ResTime" : 1019.3199999999999,
    "throughput" : 48.07138744962579,
    "receivedKBytesPerSec" : 58.96256116868163,
    "sentKBytesPerSec" : 8.68477214666091
  },
  "contactos update" : {
    "transaction" : "contactos update",
    "sampleCount" : 126,
    "errorCount" : 0,
    "errorPct" : 0.0,
    "meanResTime" : 259.0079365079366,
    "medianResTime" : 195.5,
    "minResTime" : 21.0,
    "maxResTime" : 927.0,
    "pct1ResTime" : 736.4,
    "pct2ResTime" : 833.9999999999993,
    "pct3ResTime" : 921.6000000000001,
    "throughput" : 42.211055276381906,
    "receivedKBytesPerSec" : 6.26570351758794,
    "sentKBytesPerSec" : 65.1303391959799
  }
}